{
    "format_version": "1.21.60",
    "minecraft:recipe_shaped": {
        "description": {
            "identifier": "minecraft:dried_ghast"
        },
        "tags": [
            "crafting_table"
        ],
        "pattern": [
            "TTT",
            "T#T",
            "TTT"
        ],
        "key": {
            "T": {
                "item": "minecraft:ghast_tear"
            },
            "#": {
                "item": "minecraft:bone_block"
            }
        },
        "unlock": [
          {
            "item": "minecraft:ghast_tear"
          }
        ],
        "result": {
            "item": "minecraft:dried_ghast",
            "count": 1
        }
    }
}